0.7156389986228746;-0.3593596606697961;0.01839790180921212;0.1719393251982704;-0.1363749227227888;0.10911346118462688;0.5633927881619792;-0.0844788167155261;0.34432072936728575;0.21139235222839592;-0.1852594895368805;0.15566980600389219;-0.39468700487343655;1.3488132863943358;0.38839915986520746;-0.32257853721083646;0.9062914155307196;0.3988080122925316;0.5568833787668789;0.21909643059922315;0.30446541105710395;0.29082626376468734
0.6323525723232692;0.20379979383242605;0.9075949201429563;0.6193267865735506;-0.20888898869318273;0.04786360399850316;0.38803712647390665;0.546259238899756;-0.28893598015244615;-0.5804935239870068;0.754310134106152;-0.08067605568041733;-1.4786317863516283;0.4071938590403624;0.7810570062494804;1.285995621884206;-0.745121915205964;-0.6990018597094135;-0.2021598872702412;0.3245244121747895;0.33548193706752955;0.30178046851649004
0.3106755039104948;0.01939489661596639;0.7256582164522084;0.4869473517864675;-0.0656462605267584;0.012332852382599412;0.5372132569075359;0.6243306465124574;0.19130551900621126;-0.44928464740252;-0.3135925441996563;-0.2755530358085917;-0.23217277942064485;0.827276737236751;-0.7754497036321735;1.0065845398562945;0.7898884216054576;-0.11846581825410098;0.0425235028492104;0.21717789717109193;-0.8351602553186557;-0.20772413586783908
0.739770026031062;0.6151338323783563;-0.14284096525296144;-0.25887335276259804;-0.2108380217303783;-0.2505421466630257;-0.04111007374389298;-1.3860951575246272;0.3056116425518011;0.2043443661183421;0.8269356432872167;-0.5066750951525517;-0.5794786315751304;0.1437034422557092;0.46895424123798163;0.31338827145993603;-0.05581440921533468;0.1826613416524922;1.3759248701809403;0.7157677674900502;0.18855127722427428;-0.18011017875290428
-0.290569626857431;1.1122542779627904;-0.034866311442173135;-0.031650785093900076;-0.3361915439804861;-0.31475986946946843;0.4382778160250837;0.29936943186286613;-0.12907891745784583;0.46071464017914826;0.8522054789116412;1.2126076043985325;0.4358246384837183;-0.06288478897266682;1.1492781763803537;-0.3735843255033231;-0.8290497566922891;-0.8052581401152663;0.620540697641259;0.09634230135871905;-1.1321885924912143;0.041368733995486906
0.012721977562496547;0.8809205556335253;0.6507396244289408;0.040113923515358814;-0.7604280472177578;0.3859159232057531;0.587590459601416;0.1647728508800725;0.8460256974242738;-0.6167403143194478;0.6055525054601087;0.42186093531928515;0.15510601370184832;-1.079597004557299;-0.14244315926858941;-0.07281244543253336;-0.26222735124774915;0.6039826094421048;-0.48103569774551536;0.6578188440703711;-0.09215171062487941;-0.07454003930068752
0.24294029214500942;1.1368567568320593;0.7452359250815385;0.42680051831943105;-0.6361560468438077;-0.4744786218610442;-0.14074493691687626;0.7011532752010946;1.235956147103703;-0.15898011105590032;0.11228790262028615;0.8860739686385615;-0.5286044461961448;0.3046591378136439;-0.15808672607701435;-0.023158612637041234;0.00248901159616141;-0.36172207930233724;0.4477136261950347;-0.43991249821722983;-0.313626647118848;-0.44585902193720933
1.4285273490042258;-0.16012540807175657;-0.4859914086675857;0.7082386318301253;-0.6123132952809879;0.0397734639096252;0.5900662708644565;1.1508858863527325;-0.37802377173022983;-0.2051229941789267;1.0688178454742001;0.6902749770229725;0.34497892661431084;0.5136851541343763;0.014163388491638139;-0.1156372820451398;-0.5300534948650842;-0.011792183900854273;0.2519602491206665;0.15023672071223126;0.0011881298923375448;0.7208891896919843
-0.12726414894604637;-0.13019287641653454;0.4838798196573853;-0.0020655363067860447;-0.4286904971546458;0.8479300042769107;0.4820048113428123;0.1455851856418708;0.561202692338493;-0.3053994861598592;0.9229310675686276;0.14695681888933534;-0.21761469792061147;0.21152265082026056;0.8678637336484127;0.22221831262769606;0.7753680125160811;0.4985594945549854;0.25668607572684754;-0.24886336622934976;-0.4435665101856369;-0.07363948764932195
1.0088810003252562;0.09747385478371483;0.15043773036628483;0.5686045854884946;0.27967705253220043;0.12183481656725842;0.7264597899999864;0.9819740054990586;-0.23829294932809894;-0.880937570370642;0.4934175591777433;0.6136680057286119;-0.7010094853716359;0.15853371819559703;0.7943196588536513;0.23829142279390872;-0.04170464407682627;-0.5471015422307305;0.5919651829836778;-0.2535523417384011;0.015378936162295293;-0.10497150903723511
0.933769139368835;-0.6288467262728595;0.8401456968123191;-0.8551502647117748;0.6621172766477043;0.31104164384001237;0.9591016515614743;-0.517203071128497;0.5505517820798346;-0.2303498908045306;0.7490857872940399;-0.49954232810541027;0.018372452725228788;0.48609388245147483;0.6729033396515302;-0.2756483584156851;-0.5261726906696655;0.2617822126695272;1.1387997592418149;-0.1281590682429229;-0.18601376935028083;-0.22707644522063405
1.606187135814065;-0.5644712479083634;0.055056048085187353;0.7765745233573794;0.007469099011688381;-0.4337425270416494;0.2143574614201045;1.646029924182676;0.18654797276686122;-0.40766089456929305;0.738592661085469;0.2627042087224022;-0.7097658401594396;1.0822673386046415;-0.15137414867993534;0.5945745915112529;-0.31753922406783786;-0.1432918309340727;-0.27931445847616365;-0.2528746660646687;-0.7961902479017483;0.15361891784112588
-0.23996503040977274;0.27000838006457706;0.5743657063298809;1.0563447668277124;0.5396935220264298;0.1655160915868625;0.6262331517804829;0.73547409650156;-0.02935382843341933;-1.0219473184106425;0.38638410241912824;0.10439931726043458;-0.19535902495060053;-0.19649509688731934;0.24595595246233903;0.5415290975832215;0.948334244926211;-0.13659747511267425;0.1310764841191129;-0.5070469206410758;-0.7698972076892787;-0.19691998620664336
0.7829754598711071;0.5586350253035638;0.3334943250959894;-0.29500485859924436;-0.46771975371171964;0.6929981270684801;0.7709895323676897;0.17632783602926247;-0.5886934770660638;0.38475407437094894;0.2461902356809695;-1.3321270102048435;-0.45883588154742627;0.6086955761423464;0.1762409467516021;0.9098213157651814;0.5610075200785699;-0.4946975570888338;0.9466130371879083;-0.0580824019303487;-0.6942168432024484;0.6843480069701058
1.1473857524241948;0.4310559891278792;0.2681827742967066;0.2647020905874144;0.3028544067015225;-0.1731862880216688;1.0909859478380834;0.727216259776561;-0.467410641569492;-0.5107396715332343;-0.11784885232949845;-0.26853374419841125;0.12998683165221303;0.5703415495258242;0.3433789328282419;0.8815511610501517;-0.43403573803262524;0.4122459465212436;0.23404403124067483;-0.023774258031881042;0.7349034571438107;-0.9791828631934731
0.5041785837261952;-0.3862511847133299;0.17072710716753003;-0.3737210056585512;-0.9104452426035693;0.783747685238665;0.2669798520935753;0.10418327877231799;0.9076942657655973;0.3629383635305721;0.2745226574041597;0.11381768809601497;-0.03579235150438834;0.6831963711664063;0.9834482151844635;0.5130054295984144;0.22580286438314187;-0.10981099545171344;0.4999941091028623;0.08964186381443455;-0.3519600146457226;-0.30493237103107157
0.33969211628998824;0.4726465968508001;0.27838315801535557;0.7020672567327587;0.6192493353898529;-0.3965335630656727;0.890041274068007;0.9989524367658928;0.34022580949462167;0.026808263698227305;0.17743363905861947;0.1707561904060152;-0.0012581463503736705;-0.18862001382645024;0.6661312113494516;-0.08734665199155794;0.03062813689516164;0.40102618839860094;0.6666885751352218;-0.12310119661160245;-0.19686465071801013;-0.6620331615143544
0.26326273043889925;0.052091961436481746;-0.12509678475557676;-0.17049059653146514;-1.2054690217626347;0.7677063967307034;-1.1168698749377743;0.06593397868317226;0.17629445322054316;0.47091479989409263;0.9604122802182721;0.03895872572706859;-0.26701013401508517;0.5673091322844513;0.2633663842883352;0.203397098500335;-0.014677020556443944;1.3010923059840185;0.30227129738516256;0.05714482537511861;-0.7426572511187379;0.4789155435930395
-0.8205654518316224;0.5431386622476391;0.30227404430127536;0.6459055352510882;0.5766267336415996;0.8306206944702695;0.4406853284618207;1.0349418432306319;0.08191519708288435;-0.3418880088057241;0.6734725912247055;-0.05583150375791615;-1.3407934661931478;0.5059264646569255;-0.3043664665426342;0.86613196235799;0.47871389665404385;0.15017336752539773;0.0689514524475353;0.1384776668367657;0.00627188504273157;0.10865275597442473
0.12195758824999385;-0.046618489363707306;0.3155154208424756;-0.04130526318867287;0.2954135965976138;-0.749405082843531;-0.36003690074148187;-0.17996382257535315;0.31254465254974195;-0.520870305031213;1.343763077510655;-0.7011359498096122;0.7879439850231014;-0.006193005847166878;0.1653494730189493;0.035851845665660576;0.26273487053981776;1.120626525783286;1.1182165549368446;-0.03207371916856852;1.0267646782954643;-0.25355663869368583
-0.47579133058111994;-0.3405851791759324;0.3899397274173996;0.8045800547818199;-0.25938910105455987;-0.5959524966531038;1.1819295903189595;-0.41668419773187526;0.5949889946605151;1.2509395805581902;0.9793323214212323;-0.8486954047941336;0.0638195395638612;0.6913708823639008;-0.16057388878644707;0.030176714275816068;-0.052232175921646036;1.01074707372449;0.16562588822696928;0.5116060254371768;-0.2080958674152992;0.0628233005842492
-1.0323168817656307;-0.7212113523088474;0.466665951333022;1.2454613692619823;0.3490473307023118;0.22715272106296872;1.5965445217715146;0.31677592951574507;0.0877793906331074;-0.16925469596617684;0.9285816808086956;-0.042042251002129064;-0.3652964852830178;-0.23896012018799376;0.2200770066491048;0.2765926987204162;-0.9609890771754092;0.041331397879243933;1.533399965007234;-0.30361509591157415;0.3977289050997195;0.778226446173023
-0.037786882959532565;0.14199693057557078;0.18526652767472715;-0.0500464445996299;-0.16516922896863553;0.17872862235314405;0.14974285936450116;0.5137198722559689;1.300890767230664;0.09371687765268906;0.13916852572714283;0.29409685974466643;-0.8328838701202965;0.34366416756347823;1.3956108162724854;1.555740133360293;-0.3638739824895534;-0.042230866837980496;0.4652005877439054;-0.399619890334647;0.2769764625312218;-0.15299314224821628
0.695958208725993;-0.13685270494711335;1.0086324641008837;0.6623247424344223;0.2360969488405942;0.13188465161189486;-0.9879517097467336;-0.14042151911684922;0.616922120217755;-0.16598811777508113;0.2692152005060392;0.9841227395338383;-0.7418297868310599;0.5915488540571325;0.38443295621100493;-0.06693671254059685;0.13146754812985706;-0.42466159819979205;0.5661954209195831;0.5704372754823506;-0.36106766298536236;0.396341909805447
0.20271049911342154;0.4704819424773255;0.009702098273129784;0.3185900272608703;-0.09424412768878823;0.9686594444020082;-0.537653120988068;-0.6936993072931288;0.7768178544863658;0.24795753867279888;0.45845640623885753;0.08088608183528007;-1.1739291853113965;0.5410240149003224;0.8896741574373503;-0.5600018256247641;0.027193347762156893;0.5625871002925374;0.5793439188150035;0.6666519756374152;0.6641650054691697;-0.7856427034671679
0.3543130653153104;-0.7157337993247318;0.11188372350086406;1.3191679005110333;0.8460291674453547;0.43507548967127463;-0.3590211894986085;0.060760361916276526;-0.04576647023824047;-0.9082058513889383;0.5635415154682198;-0.3805570218007997;-0.07373014167736104;1.5543601235372904;0.18954072229295602;-0.009302991228516534;0.3064460970174226;-0.548363631996612;0.3932940096102492;0.6137142429582452;-0.6706632558328502;0.22946584221254862
0.2377655280686872;0.1809676074189957;-0.3362834903426236;0.011373225166069064;0.45459111753336356;-0.875988768905224;0.3394946582001828;-0.04878376646406377;0.5896285134604795;-0.058928447345195686;0.8210591375178693;0.46496583270118474;-0.15903411550421098;0.6420385607131783;0.774711668811175;0.29331926888702714;0.04227112969099306;-0.6513587199882741;0.167122023663265;1.6658635361506098;-0.21676799619249132;0.10220912088344232
0.2101686172692537;0.28627394128595063;0.22871634979425987;0.7335113522379044;-0.21078017441156938;0.26171624223269213;1.0353283399499849;0.6750566872638405;0.7710615074584742;-0.5732762803264427;0.24502919597425743;-0.31119348703363275;0.23585870612432555;0.1710138991461293;0.2718194794316363;-0.14635249708621176;-0.15675544398511712;0.024421159488741722;0.7800392743335831;0.5839264274799854;0.3555567067457408;-0.27222115876076786
0.7856035494414655;0.22449141836765135;0.4211325104865716;-0.018154399459655222;-0.5828831585656068;0.7248198702748193;-0.32835013157166154;-0.24553991758688354;0.7021538159845231;0.3227733777871816;0.5479385675920467;0.7265427501585096;-0.5044554271420452;-0.30147777044454;1.166994823866663;-0.0059078087665032164;-0.10416084845677442;0.5705345189813165;0.7244066040482725;0.38427207789522394;-0.2685431448418443;-0.35602101481200465
-0.5090395834158103;0.7830049011960011;-0.5025715162610417;0.5429502961488352;0.38628739353877267;0.6300940296147938;0.564728259491842;0.45071847907869456;-0.6410677645530648;-0.7886124705407782;-0.041155543637513246;1.0474162663183957;0.3645239152700281;0.5647096822197174;0.2831741518592624;-0.8887299542925291;0.2723139684021968;0.3771462618092516;0.9762980079752586;0.2632920402330055;-0.7048919630049186;0.503270926696474
0.629181653902193;-0.1627071776187903;0.6191262857673044;0.31895423750845425;0.09140176953765383;0.6714645000166237;-0.2593229729268349;-0.055490408402360344;0.036227313849019574;0.4576933779434742;-0.024540133216795525;0.21343366710475137;-0.446553802068813;0.03439036839552117;-0.6360611663529562;0.37487875488088307;0.46302701317355904;0.31409105512752433;1.239026817471562;0.009014938027946054;-0.08369798634097139;-0.4582580508477168
0.08072021703336531;0.5278697085900745;-1.3834247327837856;0.538367031021057;-0.5152439562258918;0.5796920176832091;0.46047323717580274;0.16430437792603028;-0.8688407447700265;0.6585929363812385;0.9611488934099118;1.2019084372291764;-0.31428155204123076;0.4928404564703632;-0.345200793796985;0.17784164746204245;-0.06506981165600868;0.8167010197368443;0.3851430179999754;-0.1667073414819626;-0.22785882367456042;-0.049069849052180405
-0.653656554445793;0.4578195002431639;-0.013320088788753149;-0.056712323021240005;-0.05561740752475849;-0.3546732760629165;0.8182093135411714;-0.6874792650608603;-0.42483082067277667;0.2570572469332586;0.33994631462605157;0.5237571558863737;0.03257209616232532;0.6156215366863551;0.10006016438391586;1.0907433601192713;0.7594330137621798;0.5851675365721007;0.44461956809972214;0.1901768396500063;0.16364653225822534;-0.19709730560822217
0.990543790720709;0.16438580817456802;0.47257785945291586;-0.5804865972290725;0.641706974031251;0.21625132188814913;0.7758675418329801;-1.006599426281388;1.178462436618746;0.04699263769865837;0.33512136309372165;0.05079358717828942;0.030145596404104226;-0.03881439372842798;0.4335835441181552;0.3191785927064898;0.45611862595651076;0.23967809907473558;1.1969283390144265;-0.05806751355985737;0.5014413349835297;-0.5650910001942353
-0.26355696716968385;1.1249288028789313;0.47059482546512693;0.5006539308670286;-0.23886551999121877;-0.04629330484754199;-0.10892452288689491;-0.15507858955690287;0.05806638306559761;0.22336754217762034;0.7780902802984151;-0.7065901850051005;0.3149579097804465;-0.12102486735248075;-0.005317254131653103;0.41246850039527044;-0.3575329125512717;0.37286660341561206;0.8318026865849305;0.42353324216760707;-0.2799823791019499;-0.7128403228414525
0.32700403468771727;-0.15394419768664933;0.2285643298390304;0.6256218475984551;0.8876789012773435;-0.2637034656826467;-0.4873241874543658;0.07627545694376896;0.7373657456034048;-0.3765017556925655;0.8148830675973544;-0.12864492894763416;0.617011810974505;0.19232890791197854;0.5638731362508658;0.9658456467688756;-0.7337592757879643;-0.7042267349189845;1.0510930905997866;-0.4632475037950038;-0.3696981357353102;0.007857107302575423
-0.3150544462054663;0.7950483120104483;0.4283850736694393;-0.7285847674528002;-0.43200953279062226;-1.0950951820709214;0.2148837277700311;0.13978406624292852;-0.6687221686383878;0.29400426217249426;0.6369341390766787;-0.3016400801855949;-0.06053792156933683;0.44162951909139897;0.022517060244998662;0.5637024635108121;-0.044897600709553495;-1.0332636704487865;1.1351445525909485;1.4908931378772838;0.16636828876713441;0.0992424518404235
0.23845435859275033;-0.7001566172656316;0.3674326905820723;-0.7704775091170899;0.3499474993875165;0.0057031802551111305;-0.1049714453131147;-0.23724078518740158;0.8065307359916242;0.4559008318502771;0.5916857746647047;-0.3268273094132368;0.5163623542258154;0.9798918466195262;-0.16855391420239865;0.8950552300322894;0.37347347995861746;0.8145469710780394;0.4815634167973361;0.13976639086528944;-0.31823189582969397;-0.8858260929285079
-0.11201638721698029;0.6424191143691761;0.18248659822743593;0.6428873588303303;0.7875649274513747;-0.04666675413571778;1.1271226623717339;-0.0999664427394035;0.3041093180558627;0.32450615127937915;0.34892442224428455;0.04824694271587621;0.2955269187345265;0.2187220180594894;1.088829882314585;1.212115732042703;-0.11513532151660939;-1.1866492881834827;0.013383217934421321;0.053689469107228015;0.0915173237312531;-0.3937150246573801
0.1758214316089943;0.4379775272708725;0.868433793806823;0.24813694627529237;0.5287773401631817;0.15961607115952958;0.8663638019681043;0.7891329756450288;-0.49154155474396005;0.6503964290901911;0.2919513415348073;0.6790982197896901;-0.5402649461081332;0.18324854863966808;-0.12982447369493394;0.0671697053647022;0.17167391444135266;-0.38554395464228525;0.25079620639350503;0.1118729488770942;-0.5817161513650891;-0.42303451987512325
0.39473664470606734;-0.5286307169358339;0.4907862679091839;-0.10316712568751643;-0.25154905241838577;0.04896350086238024;1.1876791510618927;0.4511717817060935;-0.12000522145953356;0.18762751157876537;0.3654493839137933;-0.20537674819289103;0.15889937327517212;-0.03815393578991496;-0.16439361689479187;0.10926292690682675;0.6465511430085129;1.0506912014842666;0.5464147876240462;-0.5808468255370525;-0.7485367850728033;1.1198419932473203
0.11413361801819526;-0.424175133410561;0.7226684647488895;-0.41699347581274937;-0.5591245818471317;0.6637012491097226;0.5259081317141633;-0.6499365261705953;-0.6091213084391085;1.0575186264628733;0.2574958622066624;0.36621759025479617;-0.22213674987879972;-0.3905876578796169;0.6190509473160452;0.6218538061966743;1.248391366994182;0.21613647326282273;0.7828801584768371;0.19534142990848677;0.4608169473258811;-0.3728451688317607
-0.024232204715298238;0.6224278148080064;0.4328351614294385;0.0886758954553656;1.0608813344932555;0.3280984868363885;0.041892766189874066;0.11379351923173653;0.07945020758711209;-0.6938160873885992;0.7704133248008075;1.8512804306143376;-0.43300058448129247;-0.1506785012021503;0.09739920091102171;-0.5792066526194549;-0.3953200281537701;0.2958769495625174;0.7581145482580397;-0.6226952238610857;-0.1760542170378083;0.4635998662412907
-0.043963224882921974;0.03089610968321171;-0.09670357732538008;1.1256356083898027;0.13017238165172287;0.5192348709466013;0.5667760131018691;-0.4563812289865085;0.06741947191063444;0.9278938363980812;0.3251557868713215;0.5064556277895588;0.6222272653721093;0.20998721302045817;-0.30199314197532756;-0.5226412191747802;0.2708524043138473;0.7040421768221932;-0.23831333415015654;0.6559488537809358;-0.13602735275092492;-0.6014670190473075
0.6719015458896879;0.15718317558285141;0.5327942097183886;-0.40570865043810683;0.013283225483252222;0.2687736651122372;0.18628880604812453;0.005065932101227093;0.5429071505978197;-0.19515721736738836;1.0409210768480084;0.4530147569839317;-0.12160987719049586;0.16676430333478187;0.5447886048762004;-0.581283148951196;0.21414320283711236;0.718697807643069;0.6017717323510292;0.6816106271826927;0.037177192129721745;-0.7514415242431095
0.3368374506013434;0.6656865677417723;-0.13069700657428346;-0.16897663324883377;0.26503433836261625;-0.5769189035270745;0.7899033494116504;0.04803972433001924;0.14441451282535772;-0.3289707340722469;0.013405477064362029;0.49476769308159385;0.24232499133755184;1.22716037490405;0.10737112646225414;0.5100181608270998;-0.17268277673593055;0.487599729650059;0.19033407143282619;-0.11052777839824361;0.3940720450407493;0.1733652469967684
-0.6129251932417095;0.23355717992989852;-0.7919439451823027;0.33184277564564685;0.6697509060616612;-0.12007107563285624;0.41079605462934393;0.5663055499738053;-0.4509427266149202;-0.3760434730645553;0.48767920660804626;-0.019392887734588207;0.7789507360726363;0.6839049236135359;-0.2085795478327154;0.5534969012763303;-0.343225374031255;-0.48707149374057856;1.4721455960685899;0.21110160079143764;0.126311382544286;-0.2475773990252496
-0.2757614563798523;-0.20323074587820444;0.8111507779584197;0.3215166553746808;-0.05787757698210457;0.013323974643681435;-0.4547701999778208;0.6317899700769806;-0.15002028563912165;0.4039998342927275;0.782760819237954;-0.04315994036001337;0.6648352441538908;-0.16845597850415783;1.5570645738189315;1.0194639126762761;-1.122111015382871;0.9319487186953013;-0.13459074520372394;0.9066750254131284;-0.4163404598310042;-0.8360357943786478
0.5070071615856514;0.7200115253912287;-0.3086648322661409;0.4085463691570916;0.6612639188991569;-0.06067214927494145;-0.5732962302768417;-0.18447543196354496;0.004773770369628712;-0.7167415643899077;1.2621026617261573;0.10067006596853423;0.45053008603582695;0.9804435939250611;0.48474799609451624;0.062230917093623654;0.19211425005204813;-1.1481754140753053;-0.061721538740754735;-0.08036521861214238;0.016276753180861605;0.3928415432339479
-0.06165975354612721;0.3201320521281969;0.27298017646696515;-0.06698780597009989;0.3729436388219058;-0.13598462362546998;0.3899471679471187;0.3448715117808944;0.7019807527235413;0.8517489461393168;-0.15373042610834997;0.16520056065127575;-0.30064702203476296;0.15488505641450487;-0.3529273307835258;-0.10589854289971368;-0.5951717012783013;1.1507911411732472;0.7713942964690631;0.695169737456036;-0.33845659284786783;0.2393897594390748
0.25311527298158143;-0.7482623806500445;1.1585785431491953;0.2877737272704427;0.5542476713580691;0.6336815087378452;0.2924513278506259;0.19882232394327465;0.41644763412303715;-0.2841149394768863;-0.3597582618226097;0.8258317110525318;-0.2069835423294336;0.29502761567715874;0.1760996302763074;0.28907792622115785;0.07183925978771304;0.022464953954970984;0.7426406060478175;-0.2641554336123945;0.144510724000364;-0.36993528661138986
0.22127951358436648;0.06947827248238501;-0.7609424736576879;1.387228608112325;0.5393460606776688;-0.42382124944046023;-0.5358338129906042;0.1402422287605334;-0.19966847892563663;0.5909373088761606;0.8618606492506005;0.7667506851507753;-0.6029468748466341;0.674419957259966;-0.1636175854958627;0.48878553666448354;0.7052117365832973;-0.48785277600154325;-0.12193752910891711;0.25741598108543473;-0.0725540691816243;0.06672879618841972
0.6712108994166881;0.13466602116962526;0.43376580900431816;0.5136582833774838;-0.42390531395084774;0.13280635356738305;0.2142051548955251;0.09046512268982547;0.038609872391214224;0.5324700715451528;0.5648070853112634;0.24753329971729343;-0.2582538074960298;0.5968324568631255;0.9222423260589346;-0.8128109351326265;0.28462453147355876;0.39915052635173176;0.9404894540121953;0.6926147783319504;-0.2196201921186702;0.553855705263644
-0.3175510045706077;-0.34233113454699116;0.4683394617975553;0.6501407283046441;0.29004238853893344;-0.26816405467268006;1.1647661724045244;-1.0290217970442268;-0.2404286090524602;0.4172996706360007;0.16997660432285647;1.0745834598624633;0.5807881739987025;0.15309376086243875;0.3200568156506166;0.0009940545235324735;0.19518769492012017;0.6177544625591269;-0.12345004161654045;0.05122697895245826;0.4691459756113949;0.08845008172465965
-0.22945764320093961;0.3560072979810964;0.2728860211496458;0.4272708793577841;-0.021351426032475387;0.11567807906204551;0.8490589329098795;1.0832972858327612;-0.33942054567498703;-0.2884155647122636;-0.606043301907013;1.665781164778261;0.2516281513021016;0.24521950522725966;0.046638548644234494;-0.0027188213649450657;-0.42861729760058614;0.24963477301487158;0.4903899114384957;-0.1319428441909147;-0.609008314953064;0.4297334826110478
0.7410622007587431;-0.09594675696994955;0.13617252165477037;-0.4216411482536212;-0.6057655695229432;-0.5347020881588022;0.6094906627498594;0.03784655749982532;-0.029529085504539872;1.0233937127489066;0.6197345074545826;0.6007685039285033;0.7383672422910962;0.030142544543601227;0.043992796410882155;-0.8849919551974182;-0.5575999220200116;0.35043995149307705;1.102561189109995;0.854681522825337;0.9266877818906449;-0.6633035384542393
-0.1770433244748461;0.9292612518961596;0.2005557441893282;-0.4447966062626131;-0.25259172060739377;0.4861171872837057;0.3671539760334407;-0.18193205634354254;-0.3072590699752249;0.34788162505207115;0.9354872592578724;0.7547881675996152;0.5310327451182807;0.8528589565243075;0.2541675215160154;0.3183437163900592;-0.12280812679836443;-0.027595860082528862;-0.5345766883900096;0.5870704410803566;-0.011681798592855301;-1.0840835381290597
0.2873072799569767;0.17923272339957372;1.4729077190450697;0.9742138159857857;0.5818607439795298;-0.10621016940105583;-0.297784623806964;-0.5087133656264639;-0.3888846907490536;0.6928872711408066;0.3670455284556163;-0.4997243834889248;0.5381386009866329;0.1282123349834479;-0.4772192884173955;-0.9042604827573602;0.5647950534556087;0.5227871365681046;0.13818958455318295;0.45068395337958306;-0.18277045954213456;-0.7179118830856932
0.3926141424137245;0.5050693636661837;0.6880905942129026;-0.37377893311335647;-0.25060004536793246;-0.925308576234233;0.44341579314432955;-0.10413378716274395;0.14362280756311624;1.007151819867431;-0.28047710060814424;0.5578113488793398;0.11366947357695811;0.35317691595798045;-0.1762551790240814;-0.3346237631094969;-0.08384522679307212;0.6894314438905229;0.005469578090870002;1.377876799362573;-0.7372518775318717;0.48023380786150927
0.6642283777556174;-0.5442086752747685;0.46467501953332924;-0.2939102698009089;1.2375766710195122;0.890920273155086;1.018714409703027;-0.39233845970689046;0.8903715404813213;-0.09634440977842412;0.3081525193107626;-0.39847695698979335;-0.4112067360590529;0.9561894283797762;0.10608103083259704;0.7262396964128366;0.02282716050840088;-0.6861076226149572;0.32213259545673667;-0.11832411436769723;0.22705995553220834;0.17206082728227226
-0.18120969399363354;-0.7466446552481749;0.9492533874873086;-0.07477240418606933;-0.5246347160394981;0.37875001879862263;-0.4054984662170556;-0.37629498298288633;0.39338530889856066;0.3500820256952307;-0.2655398787890104;0.11252541150383927;-0.054736685272468125;0.49480843048041506;0.5654946725916984;0.9626089430777157;0.13100141397729148;0.6653609535037942;0.6800321240028884;0.7434612749941502;-0.6304240524749019;0.8496676087718881
0.3376225116698638;-0.6896716122549763;-0.08356032077890056;0.7806933775442783;1.0011486680312953;0.42198029786528046;-0.12283093328416379;-0.35202695517026383;0.6257593714471398;0.5770922966677297;0.6271053183661754;1.187540884854199;-0.4702028822382346;0.29368886139780953;-0.42854990702599777;0.750938195277723;-0.03074621739661411;0.02661222478296461;0.30792093741858806;0.19403694527639664;-0.05637745203463643;0.3910546236892655
0.27199195668742654;-0.1345305391949534;0.3957235782406042;0.9604335220765565;-0.31417349942728046;0.7891996929206205;0.03742408975116124;0.11229861277085045;-0.04849662491578407;0.5063254184051887;0.2567212262371131;0.15288507739269688;-0.03506582650538431;0.6474221781899543;0.6250960802288787;-0.33441759050554837;-0.09478587391812657;0.5008866410406481;0.15247567448944133;0.3512706630171371;-0.7082015096571653;0.5567948216290622
0.12465765193077478;1.157650038539065;0.19336686959589058;0.499218701745874;0.3245128270997171;-0.3704061971282804;0.2852037417350258;-0.6944337856023818;0.18480827308627906;-0.4176555483287478;-0.6381772954480024;0.758983303557072;-0.08145541005016312;-0.0899007749766966;-0.13483088481726035;1.2183258535220636;-0.20039715210580533;0.6241471401593334;-0.35948897751233944;0.07173131442579238;0.5039679303662727;0.4535095657753004
0.419510522812936;0.505963889043443;0.2216224844558725;-0.47350611038644463;-0.3506178943104877;0.01588912665309384;0.08500262358302706;-0.6051982733692066;-0.08348232424460421;0.5641709143597404;-0.5380919632308134;0.9292779670842541;0.7707476443913654;0.14763627015618752;0.34143626401321553;-0.00015203886922955754;-0.16000848464036213;0.5358486296481466;1.0051271925647665;-0.1295319123068156;-0.14315424361081008;0.7024420519595962
0.663443359496522;-0.001995363912185868;0.846790123791832;0.4556945273055219;0.39979456248074724;0.03055339601321823;1.1047592239120203;-0.0976802413087182;0.05018414756204387;0.14333640091268718;0.5385918100386344;0.7827165007147772;1.5176242116869767;0.032950498160808445;-0.4434886875831399;-0.7341689918925491;0.06316663108445282;0.23973207598855967;-0.21418725976001543;0.21517936897953796;0.09759728924991912;-0.4461392238501044
0.8498950686099088;0.6193839271604502;0.3745834723147233;-0.33035214933800894;0.2969905244960126;0.45946064129759207;-0.865344669473191;-0.28317052014292526;0.0018729184556252158;0.21697425669225187;0.314704376967773;-0.12553047549422802;-0.17690835555486198;1.293954408549027;-0.7052275682219767;0.23452525006692235;-0.7115760368373509;0.2056905266817527;-0.10370531026242115;0.9709892458856709;0.926717756227424;-0.016313375611595432
-0.2709826861346469;0.6076245612446378;-0.12642733925930205;0.08314633532760944;-0.4883910772669658;-0.5512074753755292;0.37275919172207994;0.04932786011121473;-0.5411115035291046;0.6956776303010375;0.6067167996550576;0.5046674902565805;1.6607462536011055;0.9392334335426511;-0.19909680707777827;0.6050049099381715;-0.25912588638292294;-0.28304992830377185;0.26485280206748985;-0.3212612149186975;0.2423043402690095;0.268234579857809
1.1737262798565484;-0.4228396479910213;-0.35408869993459174;-0.3375264604664176;0.2561753137012406;0.548672188150519;0.1388057862923521;-0.28282047224515794;0.04372214581113951;0.6491039087545889;-0.024802567469223984;0.22381142623976336;1.1390987414662526;0.14234125063109065;0.555620967573864;-0.2273985193238017;0.4064589618202063;0.4139589476745368;0.6486846202366976;-0.12116902762291532;-0.39087559805408917;-0.22486908213226114
0.5641343092010844;-0.09991984847720084;0.5239324772066974;-0.46024229820696305;0.3894049917019161;-0.14545860201990876;-0.1991686359369611;-0.1950192274183879;0.08979904456818799;-0.02328940777278066;1.2498277301024465;0.05458915609039354;0.055733491091840455;0.3160355466413074;0.8924520501971618;0.739802248266297;-0.2256420921207524;0.7542796641557561;0.5214275780863599;-0.29150945312713566;0.336153793703503;0.08022159315815677
1.0413809459275332;0.2425091694139664;-0.3977460956922989;0.3103731369142215;1.00453160447229;0.22393125266469258;-0.36503079583939657;-0.3995629030844191;-0.32984955448508174;0.7538342331852813;0.29409862517738317;0.8358703287959154;-0.05563183534050303;-0.8060176903283192;0.556392980135441;0.802338510088729;-0.006478732954839416;1.0046904553864802;0.2429484449853852;0.5818562977317789;-0.7236237961845219;0.07417167827226209
-0.7189220719583295;-1.2478825946571177;0.6690688479528245;0.1603033222036947;1.438600215247678;-0.2261235290962394;-0.3303511744399046;-0.1017495080306127;-0.8106387059507827;0.5097079178067117;0.8502734630498037;0.3427828283890936;-0.1912769608937541;0.20892664900667185;0.6412362196392924;0.62877625260485;0.5329000874245216;0.26738189109730776;-0.34051304844689223;0.760365412399888;0.04583113879348742;0.37230594349467205
0.5272217378360826;0.22909510692736035;-0.3403623813976742;0.5060913524671836;0.453028029067317;-0.03927248453562471;0.4340572803244447;0.3201845956346579;-0.5558470664874737;-0.21224786246539118;-0.5364933605197624;0.06242057036498728;0.15406016521624494;0.8146204029229613;0.4521420515091665;0.3288933375200683;1.2435277060678347;0.8926108029015432;1.050075832762857;-0.2711206086286981;0.2963251249196272;-0.1997283195343506
0.786313747004157;-0.1132913262906914;1.2007362963163284;0.0990306703079797;0.10379986883050142;-0.3893936649319255;-0.5119031086476139;0.5907191915689465;-0.12837456529690872;0.688159137635119;-0.19667139736982975;-0.1741571932759628;-0.11750366658934748;0.3342947912671122;-0.8957584138306633;0.6314606806037467;0.6058643757757842;0.3113583346050714;0.6435563282883935;0.3964825740416881;-0.5702652077814337;-0.015329233910057184
0.1476996933621756;0.11110177792527287;0.8368315165246089;0.17379823084356869;0.2445391212508749;0.8162113816556912;0.45773017037130254;0.44813708436178507;0.2281570089432764;0.4413189851176079;-0.30317907218578516;-0.5123826405037971;1.0241039421194733;-0.04780549310029864;0.22343089839757943;0.4157762945844782;-0.10478995147082382;0.3232286241268833;0.45933881549384625;-0.021114380380276986;-0.3194362869863265;-0.020326762644839767
-1.0466845250231016;0.15087896166958184;0.3415125348391626;-0.9686242796331397;0.8658350374269407;0.5139485651536125;0.45444949160502385;0.12839164310897452;0.18492449188240728;0.39452866917912693;0.8273762969870573;1.0855490565011208;0.04581872941478768;0.6109546131287282;-0.21161514219476585;0.32140311222140006;-0.06542433427451616;0.3713930409755576;-0.17751711764532724;0.6131836704925845;0.29269848794064424;0.015237376946930187
-0.268623364878151;0.4293928556485084;0.12761862065675691;-0.4533371828247655;-0.31464383045983485;-0.3357542011922902;-0.15029906912417043;0.4634676069740508;0.24860770545288288;0.832494482766886;0.3044181252189075;-0.19202546907585075;1.1874549804503252;0.5973724186170746;0.5772371044264711;0.04627276532711592;-0.04986740196522985;0.7679424607031972;0.47279805428782407;0.03924979127852217;0.5772448454365771;0.1867909701224101
0.5220621602823842;0.799625443014702;-0.283326824701359;-0.01715061097505315;-0.06979290212211024;0.9865378835426861;0.6076737779415531;-0.30631634897173277;0.01963060344660324;-0.6175241227428214;-0.15853008302530253;0.8865821103375271;0.6610727011388674;-0.13804976326015955;-0.5454456561889883;0.11655388599658442;0.1774695919341291;0.6894667947511203;0.26516564629146283;0.22739228345454118;0.5678043851928555;-0.49515709169367833
0.22481517258906203;0.5579110384119321;1.186090582183544;0.45806660558738344;-0.04596366301644231;-0.863187937003469;0.6501170994176275;-0.011349990309973378;0.7061012286746008;-0.3288976833910858;0.6474084825272869;0.1672332220194932;0.3521536520500874;0.4655351560775041;-0.245786854089258;-0.4316144368926555;-0.7310847800970283;0.4942098877957286;0.34333300643437414;-0.14755813822567376;0.5871808731697119;0.3285341339960316
0.4289003208844509;-0.532109298725053;0.6363952687045881;0.23478395257057413;-0.7317974839071565;0.8672228347573027;1.0764424647168147;0.11067610135041017;-0.11666318863818825;0.12816707985775488;0.4101374887194571;0.22219481219923798;0.961835722645043;0.5406479738250446;-0.32691670510250215;0.10943389170627461;0.3000337670306437;0.1604332157419712;-0.3361624572968739;0.2640699305729972;0.33357178527840253;0.1313261229472633
-0.002427461187515884;-0.6383561365637015;-0.12525305312642923;0.36078228152028474;-0.19230582695754278;0.8451821354069895;0.19563094960809252;-0.19782743448236953;0.14817874914993762;0.8110943089755653;0.48305654719343866;1.120519552340536;0.2699473930197941;0.9380656697567102;0.23771498893775592;-0.15072986885784023;0.24396620721251128;0.6674806415646017;-0.33267531717020005;0.5172708458984598;0.2980585986006515;-0.08753187729904076
-0.03633180900745768;0.9272640489636861;0.3049587609929415;1.7488362220885245;0.06230668254158283;0.5320923127827769;-0.41037749615140984;-0.7196789366993597;-0.8137423467213752;-0.4649108396546713;-0.20020259883076072;0.3948202915851838;0.12202923347271083;0.10681245157329146;-0.19314064260960753;1.007545522680816;-0.03347021352710821;0.09689663604970572;0.4238702398024651;0.3679220057366777;0.49540100970069656;0.2169901906169188
-0.2588768485952701;-0.13938221417682;0.38357719314929817;-0.17063910697699197;0.19684228506803447;-0.019188910458709834;-0.9696780770805903;-0.12313299505115316;-0.09806758940113497;0.351028335386453;-0.5664471251311869;1.4605663941314668;0.23015585501803815;0.23360890931304407;-0.16353379920994987;-0.06529073035403139;0.5356370780518939;0.825450752354988;0.96075706282433;0.16640651093771266;-0.35258221545325563;0.12879864370624158
0.498212858510489;0.18505803002584595;1.236105082619701;-0.5844837147226852;0.8130763194491945;0.6338692930028909;0.3037651899485936;0.3663849155521761;-0.07561900739859624;0.16084654873691803;0.03336089329968957;-0.5961372721616788;-0.1936474533378858;-0.10826078113957713;0.008149782547463366;-0.14061579084681378;0.5756545335084071;0.5914203210201359;0.3665121041669181;0.8654492187466973;-1.0595826014586507;0.961345752997876
0.148111336761535;0.54242016766404;-0.5720267380819902;-0.043137788172925615;0.5571957435141063;0.7946511828474813;0.6952797410423696;0.26665427309658146;-0.06660067304393341;-0.8125464560986887;0.7238121145391111;0.38442494385025594;0.740293937948103;-0.2481483323671605;0.3383273775020829;0.18486190864611526;1.2624994333028727;0.6996137850159381;-0.34384170206109327;0.3570995991404497;-0.7092422564288765;-0.540076777106597
-0.45270180981922314;0.6090047446679292;1.3648217037001853;-0.4170385271369905;0.029196798497168223;0.9516135238433497;-0.5290611575170235;0.13733280344996343;0.805977749289434;0.0837024803566497;-0.2928797357729024;-0.16717375148369218;0.6115310407414409;0.6041272639566533;0.003067349696902544;0.7303127302894575;-0.43347996744192635;-0.4365004528929371;0.7660486080694563;0.17361465215492375;0.7043117334292567;-0.25129933856642767
-0.024392692415766574;0.5700855238783368;-0.03332831669279641;-0.4076651618836168;0.125624996690013;0.8856551737206242;0.7036799347639106;0.5274733991632068;0.4546672627364188;0.0806191723280981;0.3192605217400493;0.7568987064947388;0.030835475712944014;0.3085713845733951;0.2925197733137993;0.657742724352172;-0.8864067565349588;0.18488701122507528;-0.549744610392123;0.5182121405244844;0.32066660993472795;0.3044820934964127
0.3255194015094715;0.6642581770095265;0.7404043194407465;0.1194192068600249;-0.024480495374886058;0.5661336925675965;0.14924128673709117;-0.02399664652787524;-0.016883922089745537;0.49916056068845066;0.23204624814491107;0.6078447492287092;0.6748515299658245;0.025905794568428824;-0.6331679877480397;0.6647796605333253;0.5234742003644298;-0.009743551692181756;-0.2520632911009349;0.40989083651327485;-0.34279988789572413;0.38485694797033676
0.720309572212963;0.5669874278111303;0.3659042111104957;-0.008499955922932078;-0.25988902966978045;0.9581607188373578;0.5948572287244479;-0.025230728422935864;0.02685174410646492;0.08600979645921611;-0.42929499137510974;-0.6315715261574464;1.5517686052878947;0.05415495051724798;0.9474811023818416;0.0721192926630449;-0.21160579750824196;0.782097394927671;0.40314238361292737;-0.036603130665453176;0.3645727800123212;-0.6069385554109465
0.8178215676501079;-0.07547549667387887;0.31822946855942674;0.20260954050223473;-0.6377920175021624;0.3211221056358143;-0.33957297953195886;0.41575812755976627;0.22431012135355652;-0.7360456028484083;0.4037173029099662;0.7778110880449629;0.7261416121481116;-0.029394525599067668;0.02547148548252592;0.3494834100883756;1.239428649074726;0.8388326314883052;-0.5772978397366222;0.2280539171339434;0.08744461517303415;-0.5454051990260432
0.4450363113281062;0.8609202799055247;-0.07534925908840902;1.0029360756826753;0.9068827469673196;0.6183977629715829;-0.17397755566789744;-0.3945399440802106;-0.715729147298718;-0.042772539718969535;0.24947166975441482;-0.14505259600046821;0.27059216698801664;0.2577389851440518;0.24839962224974085;-0.02554967341505314;-0.013201876602677114;1.3380648255301384;0.06393681048512295;-0.17580458790791925;-0.3137476188754823;-0.055088352609621694
0.7913661862431787;0.33527770699340476;0.5638559346530201;0.5775724973234794;-0.8590843287561477;0.20458635586050902;0.0425173341673645;0.28129979051218085;-0.23308556640657188;0.09550210384258835;0.36731034810661767;0.42114258731311727;-0.5779789509821364;0.10584322039447115;0.14462293652881789;-0.5624792404490685;1.0105147435168165;1.046034987844056;0.7166154950427193;0.11743820629863634;0.8602856389646574;0.36994004458459945
0.29749529778799644;1.0473926883393851;0.4122636168539813;0.022364013705453625;-0.10975534539552478;0.05252113957888236;0.04282349918504947;-0.4901829844252513;-0.8876269959586369;-0.7008822162359956;0.5463837994629189;-0.007383402507255525;0.21096226105700147;0.21543179069197987;-0.29899349891963845;0.842732482959996;0.6238525984288609;0.6469505468623009;0.20508344335250284;-0.3709983618868683;0.09051414334107584;1.7188200958380928
-0.16379248494886006;0.2434097013040475;-0.3456889085210807;0.8888461247851756;0.4003536784177486;1.255762191392874;0.3408410625397836;-0.3879924447775657;0.3247309247815852;0.6506669077139314;0.3416036000309938;0.4874879671692919;0.5862121531045755;0.08381358110521167;-0.40495658043003196;0.5857077330447326;0.17710207152244278;-0.5999146230359389;-0.22004315049690615;0.2771307570548423;-0.1088737358159558;-0.06786496434122535
0.1733759568657949;-0.25500872997528895;0.3355735270509629;-0.11363907918568819;0.4503882660812154;0.8171944039366826;0.2842014377389558;0.5918015333187352;0.018300629830522747;0.23231791909483582;0.24830423848153294;-0.15831464771449633;1.138565760362321;0.35750994480955767;-0.009255769078385082;0.31158313302850027;-0.5081796623030395;0.527612028232557;-0.07672565230423063;0.1578904084693403;-0.048711225958674886;0.32049059817374487
-0.1417697771220866;0.14327265548740362;1.4255886729771399;-0.9459874096416225;0.771748303291228;0.5395028712569747;-0.15530814123721443;0.5405562045062693;0.1638838181026603;-0.3139228722443106;0.2370002705512954;-0.14756501790343932;0.5797952111208928;1.3216712312407661;0.17870150130352494;0.3517278788660246;-0.4713732396624694;0.3136528992707563;0.2049415158146318;0.8207035109128525;0.5407279138304344;-0.006192406618644363
0.5626753511257442;0.9852099932051752;-0.026177127057235888;0.4609226340052493;0.6594419678078791;1.0221229145039876;0.8911937362177451;-0.16184547467204322;0.5675443705049724;-0.2970529371087677;-0.45575555125234274;0.15399731516394521;0.3702551563980658;1.0565386433137163;-0.021128298941862956;-0.08025372477537379;-0.6505279573068768;-0.21370405173953871;-0.04984735016777744;0.4944387311892514;-0.021920456770759374;0.26804985014196797
1.287783062898098;0.8534198188652413;0.2929671746409716;-0.07566543751283197;0.44421535124697836;0.38809501644832667;0.4832281093084364;0.3327209388791799;0.09562590575772749;-0.3340347416022475;-0.874410228710818;0.27619627590839785;0.7374717819780318;0.6847735642597448;-0.39578460605288185;0.793723579471434;-0.7434822709728883;0.016297493525635004;0.11166509832151433;0.6726128454102018;-0.7891142328582366;0.4893534445875422
-0.06741157627028505;0.5034722015796196;0.7752843150945601;-0.39488424369956304;0.48929634616369105;-0.5832634367400678;-0.054258093879090606;0.15045990059773798;1.2160529049946394;0.2454136495332039;0.13747308125317295;0.4587145772804115;0.5993318328705693;-0.1724543759701113;-0.466683810571689;0.740148707451881;0.14926662217406228;0.5020450700143335;0.32005845432500396;0.22952018596361706;0.3029884583293884;-0.06588075541316196
-0.2842986546289452;0.5243229159549737;-0.14355540369053366;1.2400532609513952;0.019981819518138797;-0.23811609385549207;0.5423341726268408;0.12713186074799912;-0.2693923845917202;0.3897913535011598;-0.28269496504680586;0.3183044574151997;0.18464568329343317;-0.0414929138339501;-0.2640084733619625;1.4291770366228536;-0.14109852027280803;0.6248801453514301;-0.03263017897353105;-0.21304665403466433;0.4456367442326903;-0.03678610936350347
-0.3999024396067614;0.5432391495455118;-0.12909576206665802;0.8992268940827602;0.2712418417426979;0.040949046498499966;0.44651440108419016;0.08367791845807934;0.04591858495581999;0.42200505801139293;-0.43672803505311486;0.18439223740176075;-0.028724766134184457;0.8753417459627478;0.5012835341350202;0.24081609619873992;1.1602382680721832;0.245760490838897;0.8640919338749022;0.1251707115321162;0.3719621307157702;0.11349971998536162
-0.11791505486117378;0.04010545469518005;0.7990738495439791;0.3888291958216321;-0.3326243180929979;0.3429589882157226;0.5068380754354878;-0.0003420977612812824;0.1170698933147417;0.035617902679275386;-0.02332099272226529;0.2761637662951096;0.32964541726719576;-0.2389039932145727;0.6625365972010895;-0.14151224127316075;1.163129720457711;0.0807366121243256;1.1197541618141647;0.02780619386304853;0.9579907732231051;0.2805902675960122
0.35266209849613916;-0.31740018097295636;0.24332668600151214;0.39801247623216557;-0.49325893135704374;0.5127997159202893;0.6968282491000153;0.0599521455124887;0.24203408756484734;-0.2960139031138236;0.3167037915338039;0.78799719398019;0.21875083305246515;-0.4307320357496825;1.1049624128541644;-0.11120917137212144;0.6541140133688805;0.5785785219475923;0.14934706934442438;-0.034214636022750676;0.5140933401451661;1.0926452378370108
-0.6056152459028465;-0.16709492646216043;-0.7512499127086092;1.4287683479644553;-0.28529169781763364;-0.2154976219434547;0.09621037586291763;0.580345349385053;0.5915608937603704;0.09794295234296106;-0.23038763494564388;1.175740801627341;0.535755956524595;0.347937053787375;-0.28181352315647584;0.36437005362043823;1.199584925149418;-0.25924906861569696;-0.10531920174221976;0.43440269888872696;0.7075640062574503;-0.3833258135742777
0.3519938202155398;1.0404102872957302;0.18539609476775668;0.3737582757622911;-0.4526776091047616;0.31287403507004424;0.11791742082199695;-0.061155141168982734;-0.575515938566538;0.8390977856870885;-0.016331475752528517;-0.12256905434857508;0.8814324228940826;0.4528636744518656;-0.20340702702113653;0.9228246644381509;0.8212580646742762;-0.08820488012764494;-0.05547261178387861;-0.39746351730847973;0.3113549323383338;-0.226909425021076
-0.6572067714700155;0.01896251854180625;0.10317385354111673;-0.2713801533714669;0.2458632033008929;-0.006142039603097984;-0.17301108718391;1.4727920483953776;0.7760177169572299;-0.02887663608422216;0.29892498979569465;0.27746877793320057;1.004445365017451;0.25680003738201024;0.04614430417094551;0.2915834703206081;0.6183410849684262;-0.4336669786254523;0.24401114671407734;0.5938868979140202;0.26436514940416594;-0.2694450788207954
0.20405161412402656;0.22288321229184818;0.7891533476166572;-0.8005352530005189;0.8558679534014988;-0.0112599695913418;0.8304986400990084;0.04964937159623676;0.3452921660911142;1.0426007150298953;0.07193983603079876;-0.11035528062519256;0.8012601923310031;0.9841836998518229;-1.1011173359150452;0.1163761818417042;0.25519456232294785;-0.07120954145698452;-0.5369419928938192;0.5189776722667336;0.523712072845245;-0.49752540252766375
0.3631768448247021;-0.6908089666477976;0.6574100423544087;1.1140458736353802;0.9715518266238466;1.06422095699567;-1.232647901108737;-0.059504281086549274;-0.7898509075002201;-0.136264245471214;-0.2834888859782693;0.8729342886867147;0.21473790901125947;-0.07269056448993196;-0.5007576465057892;0.5952420186168156;-0.42632195292327935;-0.3624681200369328;0.5457168685431032;-0.18980325586245325;0.6297180103550953;0.40572296128151236
0.45690007065503374;-0.41388027176196607;0.16279689778278944;-0.10809857092540605;0.11347540794996873;-0.8529400272692975;-0.10102875865438746;-0.24100047375064293;0.9105848844082612;0.6753502994889928;0.23341398064054616;0.8429894332878122;0.7202019907580365;0.09375553227048951;0.5851877057383644;0.9839947860476855;-0.3687237026540837;-0.11911416893470136;-0.04121434422922265;0.8182199004641368;0.8343527175868837;0.0024023055833836586
-0.5769935318827334;0.5805759216373493;0.7660317168030836;0.5968727996864862;-0.6675574449613948;0.1321933448243626;-0.11283221689311775;0.247682495925198;1.5420685557070042;-0.03584828961972836;0.06737681291246365;0.7808346263457587;0.3535951727683311;-0.0361812879737262;-0.09362229873906251;0.4361214215582297;-0.4403970444669294;-0.5241619815809133;0.41522527230073525;0.8618536984709939;-0.3129925767079726;0.9066533656086143
1.6365491022623202;0.21779182734832533;-0.12554004964427504;-0.03240433316645601;-0.19694287447104836;-0.6019149606620312;-0.4769753009133545;0.11638129581013401;0.3418445492397309;-0.14848101737822456;0.4581661565496926;-0.6968993767647244;0.1795286526132855;0.713028572492746;0.16904497012353173;-0.10230247651233555;0.8980819747036181;-0.4449452786408533;0.20907157139528454;0.4331815784554189;0.877126434077618;1.3190273301021114
0.2364494436794035;-0.1593280922424829;0.02999191096088731;0.6150253499081543;0.35535047680611864;0.5798099316265606;-0.7588529052730593;0.407130756889121;0.29083666273845293;-0.46981351598320975;-0.2948831707736179;0.8738911753169611;0.22711006817969184;-0.8251220297990449;0.1050503852844727;0.7043658437386524;-0.028961659122141405;1.3228191606154922;0.529968120669121;-0.6259671571346799;0.7583014300818736;-0.3944205734705002
0.6428136759673013;0.513323162758056;0.01509361305381734;0.898409923470606;-0.5102123096514916;-0.17960045701135324;-0.3839677796269372;-0.335269530467298;0.8918949269387955;0.8728021873611777;0.12907124241149553;0.07933223225178887;-0.1690920367993216;-0.3177426124344763;-0.15682175390861636;0.2416409208033591;1.0613085795376613;0.22309757162449234;0.6317833413856815;0.4923932695077773;0.6975297854276338;0.5444831883185928
0.010665903384476677;0.4756487200746239;0.3000484163813539;0.11405028592495083;0.30541597963421424;0.7971463799149919;0.13000501125310424;-0.6196208888377479;0.1053494658015469;-0.16641361818335715;0.841625163837796;0.23015107097412643;-0.10249262742393901;-0.16562263409286493;-0.8846167766089358;-0.11471890298078452;1.1116695530024394;0.44139534021773646;0.4397158018632531;-0.5704543565899206;0.3906352198575878;0.7361650603270103
0.15166415556683088;0.4689760759537658;-0.6429421562986586;0.8411580246771245;0.4897731648165758;0.5068269713073107;0.6447266772732724;0.033352231612549105;0.8083560323663248;0.5197436726316274;0.9201794141926865;0.854082022280337;-0.028659906395774818;-0.959826617805936;-1.0843275146969387;0.18785952013070276;0.26079107846784333;0.05881398570059801;-0.40768200122643683;0.21184384108486382;0.33634528495961646;0.3534408007956908
0.5892890104286151;0.19130193925874686;-0.034662246261336314;0.721989478808851;0.608076169481007;-0.175716933858664;1.1967531016142445;-0.48779123419282794;-0.6952681298378992;-0.20228628629260179;0.39345796818015033;0.1323260417344102;1.0002683750703034;0.39063359481557197;-0.027843748784001865;-0.46224734845357146;0.26591025796661233;-0.10300002867762087;-0.1867176995694202;0.7213007624451199;1.015714997582543;-0.28831177803694386
0.17587134898869713;0.06539530538647108;0.7712349879770012;-0.0921641149091713;-0.8554858956151818;0.4303919175293904;0.16071941370585863;0.40078744587734133;0.18177112524203642;0.12738085775190466;0.3896853934717719;0.21199946665224717;1.0709346714569803;-0.5261324718986444;-0.33238134900291527;0.4822117679446043;0.2270094014166905;0.01810759016307533;-0.05596357631396687;0.833220525227045;0.3664432860857487;0.22913562879477653
0.5744046079881153;0.13398854273818878;-0.38006060073276404;-0.1347733418972103;0.32082515535131234;-0.6022763159830589;0.9266764430428539;1.2615181542470613;1.0781177231240175;0.3097376646251768;0.22682662420013797;0.779295734430471;0.7689486642217885;0.5407947448363225;-0.4663609796930016;0.4233448744424196;0.0713239792100356;-0.04947315367836953;0.0824084184935088;0.5691040555034554;0.604034857747605;-0.2280093199698567
1.1642909563191388;0.6984421156183312;1.1389033882517423;-0.22934063440765415;0.6063467354925791;0.5422129039933461;-0.732515216823892;-0.603924182929917;0.3093931216241816;0.3601200239233773;-0.025169255551582618;0.3858153698562524;0.6401171154886469;-0.31963449299138014;0.3422015289476738;0.08001459978887654;-0.32455468473094334;-1.2580435309669227;0.8510781322360934;0.2241535776942072;0.1667078164456669;0.2939568397168755
1.1047327374626548;0.9416879142602516;0.06276475103559773;-0.2037427738827099;-0.3504134360807159;-0.09925840023898137;-0.12461570681651071;0.04752996723078302;0.816957156644728;0.12754930580144264;-0.5308320532332372;-0.22343133644177782;0.23029389026993918;-0.4232738978540256;-0.41100614893564247;0.6642828206159236;-1.1881432288047638;1.0104154850356963;0.406560760064031;-0.07161981874613607;0.3828437323430542;0.25738373741611337
0.1496817824139089;-0.5302028718202955;0.380449188891369;0.38429567665883235;0.8267996800226268;-0.6986644303020819;-0.19909334365772743;0.19064550851012224;0.5631404576251907;0.8742002035555414;1.1044166805591882;0.14729587925534215;0.8750168829209986;0.6132557855312262;-0.13566597530222285;0.28658611924742217;0.36428237215544124;0.18135401126047748;-0.2553523213595609;-1.0888252699062435;0.17755585159836565;0.36257502208998466
0.46292216265387504;0.4185788273809221;-0.12093894541789552;0.26342985241012834;-0.27798998834860134;0.21333042183292025;-0.46813514903149234;-0.22703444025483277;0.1455110401663023;0.6866053989227461;-0.2402346278277564;0.9650386006044851;-0.24809056582517125;-0.08310108688953725;-0.12807450721984692;1.1859557496578175;0.2370104897154637;-0.06782483914591568;-0.0029543035175154473;0.6177841728756861;-0.20939152394815191;1.032753859477257
-0.5157077341850632;0.2032210241903427;-0.24632615191366705;0.21566552671901545;0.7576043163450703;0.21274999293903926;0.1984235449466013;0.26433655998744005;1.142879577904671;0.9087239649721957;0.017040750519009194;-0.4752964347152701;0.08465999004477694;0.3329313122797737;0.8672018607444055;0.39496522970738;1.4021742954408494;0.01892746705669744;-0.00685072566493972;-0.07148891475678515;-0.27648370612741946;-0.17956605339173148
-0.47141084269514694;-0.06146474326715392;0.35547907332495954;-0.00023812120354994385;-0.4993843715928723;0.0243674475945266;0.10086275977208543;-0.2891656342370245;-0.2604286028155168;0.23636574433481472;-0.12733252791685695;0.6071248491906853;0.01753013671503288;-0.5947819543363607;0.5473263920467752;-0.43813859495979723;0.11351714861284588;0.06970593678670732;1.5183436187221913;0.7675082422103149;0.5158878061540281;1.325997769486352
-1.1514902358590822;0.339569325270383;-0.2899931553110335;0.8499406554072061;0.4673937078021961;0.14579816471534499;0.44095475095378095;-0.9502721130274531;0.1255346396398623;0.01533984493361666;0.76331299856937;0.32405385791984154;-0.017013767778234;-0.5405436280552022;0.17634153723427115;0.39850885917326134;0.5582880158999471;0.3894174088099882;0.037494882396433206;0.47149977084021966;0.9368279042289125;1.0181032131152983
0.1735333876114457;0.7317887584063715;-0.22437825380756993;0.05374626565989587;-0.13189004455410752;0.45809838520564566;0.13561875129160245;0.2792607814554642;0.04699542999819587;-0.8201496547047556;0.03963446480055359;-0.1342480510053296;0.31674377364054596;-0.9215666885313682;0.5815229789229319;-0.06914038659716729;1.1260644475833803;0.2556408024974884;1.1622130786004368;0.6699981290868965;0.9552534289108717;-0.043988536789206195
0.991214599065015;0.17980511592647783;-0.9079480268574341;0.6319339492249555;0.9650970181584303;0.32496555359452167;0.4136265949874819;-0.4086006752011444;-0.15588364815903458;-0.6413653777388636;1.1133878266216894;0.2083694984885463;0.54031048525341;0.21336072480378973;-1.0061388998198093;-0.4110600114545339;0.42526582086099646;-0.629381986849588;0.013003020048035108;0.31372031373557097;0.940235248257905;0.6254130844307618
-0.3889748230575171;1.0347149975992733;0.24528558245932852;-0.24623008931344656;0.6965681802892049;0.04766248625644053;0.18574278552505788;0.019596771603294472;0.5424350757519328;-0.27566079079696754;0.6229216678574496;0.10674065466985522;0.5359741552296708;0.6001181637965056;0.5437633788427324;-0.9825984893245207;0.6443367237109081;0.03561920383002394;0.07416159815379224;0.9212156353892669;0.7783852245709405;-0.6982044416055407
-0.49630252656794227;0.5979576810980011;-0.970550873612831;0.4848288369952987;0.22898594934877994;0.18632259361431963;-0.9917587080688128;0.3253014225432212;0.27993648690974166;-0.9083320922086482;0.5537071763951645;0.479250184060088;1.2894662839580815;0.30549706109681724;0.36127288858359546;0.7595191297637659;-0.36150362919174783;0.29649183753552055;0.3266114269465708;0.54907823186988;-0.14425976365571602;0.8581127187656216
-0.28784086647113366;0.2059364594080382;1.0087045577298415;-0.3464239649359788;0.9395927978950841;0.015403036310997242;-0.43066141447826256;-0.3004146217959036;0.20136391680277796;1.2659169275911106;1.0711114797094192;-0.6603963388021257;1.374833291453942;0.11619542113459656;0.49280933016690687;-0.2729383196749113;-0.6483559274234167;0.23093513584213016;-0.417924578023681;0.22990506805131383;0.04201332519754004;0.33424603443288026
0.15820067223511228;-0.6302396084882091;-0.16868715414989202;0.36695827041820056;0.3249878667091763;0.9636307039690045;0.00647338640886151;0.4648227974053699;0.8545959818630142;0.9827468931277425;0.3726353299316677;-0.3420322179603631;0.06836333048951848;0.07847861508467824;-0.43344181630386025;0.8529884648359847;-0.3893416138518004;-0.02428647228511406;0.2947580776500306;0.35891306506179566;0.21863093728292063;1.0011873471570465
0.6459473036729227;0.4056163310269517;-0.26185340838513904;-0.8225456517598168;0.15929027921028707;-0.10350110772097347;0.1688586903647966;-0.04023958838228706;-0.25166103561003195;0.21927408053542594;0.04520195914823302;-0.3707452363863877;0.037830527567260304;0.5296800026172027;0.6658575359891651;0.196627869795649;1.1236610008736658;0.881974054545836;-0.08807420866907946;0.6899654635230674;0.000559345732104489;0.7583603346131259
0.4184006170520123;-0.406823218979204;0.37095186869983326;0.6308399162871063;0.5379055417918659;-0.14938834957446542;-0.6719390922442188;0.11146460035831919;-0.8900329725950369;-0.3023691867891059;-0.763836993687822;0.10300406953317574;0.6992939474199557;1.4808132147491935;0.8542302625066167;0.38695249123356984;-0.867091684595671;0.9252583154942297;-0.7166439467558899;0.020834266799073554;0.38528635253854976;0.43823293928195517
-0.4127543315836726;-0.05610393774071201;-0.4242329954189292;0.37014944419088064;1.0363171127664697;0.12970306028776374;0.08833600519501231;-0.6094217975180483;0.34217993428993526;0.3101893584057134;0.003370281610088466;-0.33688793323380634;-0.07169080866468137;-0.26743870835158434;0.9216246705673076;0.8458574808180658;0.14558740509437437;1.1339548133354107;0.7855662592480251;0.23309205845616077;0.11258160747064282;0.7332237313188191
0.24265839369816147;-0.39253714585643723;0.1648122195954229;0.28833292992832893;-0.12188510924054294;-0.24929799980160305;0.5727667968808302;0.043580536303492325;-0.16994463053683181;0.2031412710718435;-0.7056614890063753;-0.21686411904905425;0.4519521123855028;-0.007245180251572511;0.7039790154003032;0.12890961740702658;0.947544060905486;0.7790398204785544;0.43859227772737036;1.3467527387843834;-0.35563299088821815;0.4002130497926035
0.24669969781919113;0.2496327754379078;0.44331222024075845;0.21299426501520163;0.0114715559666;0.2788809642338199;0.4995352092773231;-0.17880953230927937;0.09096492895639985;0.20064332773084967;0.21388392715200505;-0.29858145215298554;0.8634451794197827;-0.4648836653898544;0.8687772978104503;0.42921784191568807;0.1168215696368621;-0.2998543304609677;-0.7638110951566998;1.1754150726132528;0.6562864154363794;0.4905658521112726
0.08649215482332341;0.2283933076762233;1.1042306372214048;1.1035951255007892;-0.27911543539568684;-0.1624392169063759;-0.8556181988510546;-0.03510827300275319;0.17245036514562775;0.0765199085349474;1.222940677413198;-0.24405409504585834;0.8183378931126296;-0.1861943406278809;-0.6301575996237786;-0.2625157464285461;1.1389251310877342;-0.1805373805322924;-0.09399424532869281;-0.21716690791021576;0.33471810279893494;-0.36074570212748736
0.4188428858837789;0.5074215891109938;0.2516077467103593;0.8692233026301139;0.02959132478349043;0.3601059727337788;-1.409243791323159;0.7241999969827928;0.7743993280163712;0.7249216730916025;-0.5434486600577688;-0.5363237541276854;0.8345872837847748;-0.5779036346698582;0.16324692624580803;-0.6056894666600525;-0.7915659311118565;0.11935259575907857;0.4934531432087912;1.5360804401615864;-0.09148662397145488;0.01366222604873064
0.34293947222219884;-0.0362599272552164;-0.1886972571872002;0.26727331140074245;-0.3366754440072631;0.5428289474194523;0.3524322855445384;0.3713774596899099;1.355040777641899;-0.1713420310178077;1.1321294313811654;-0.5695220823019479;1.1129817322715958;0.6702910107868744;1.0023896173988613;-0.09299636347017985;0.5169289502688892;-0.212418692761468;-0.38200285848258236;0.1717065916777485;0.2731185718690817;0.267460439649299
-0.2788641727078303;0.6149139258960047;-0.22826748070826614;0.04365392260427016;0.4325600608293548;0.31480944535951666;0.6898529476344333;0.5617963813540291;0.3379266870883856;-0.17090339325811427;0.13947451676145672;0.38246525463779873;1.2041106043035603;-0.13632490630635521;0.004811262146210425;0.20995405286197494;0.5149707793724176;0.08193335889390442;-0.3866074755813772;0.06574719196725243;-0.43149031543668825;1.0917721712185864
1.120349800345329;0.44421126691916624;-0.053101602461148166;-0.44750509030956276;0.011503430424029315;-0.6635383790106685;0.3735684639307879;-0.024608690633881776;0.7228280733154746;0.0021771957817220645;-0.4139699558863788;0.2483937893755958;1.0601721193833427;-0.11381891576450577;0.00803026023527989;0.6004324581400579;0.4160888484950195;0.21502796727036502;0.04571470370018833;1.0339625378229544;0.07553121105003568;0.2652274109704554
1.2790287505664486;-0.6274629179803989;-0.16750125533349886;-0.3812496772935327;0.6429635266344816;0.5742427363285533;0.4332991866129011;0.8753014090247747;-0.006570586997227647;0.5489945700403599;0.07416077439284997;-0.31221358829709955;0.4252514433230111;-0.35947613053905786;0.950518712043008;0.062242779246986596;-0.7598646338445704;0.42847206753251643;0.32687445561326767;0.6472657877276771;0.4095471482094662;0.4385627763679417
-0.553310140891612;-0.28177933143180117;0.62203999624707;0.06400287775520014;1.0808388002567384;-0.2808482226597913;-0.3052252213343602;0.14879747208356153;-0.11976221190768097;-0.6588152427252949;-0.42538189289884737;0.25043983250776747;0.026890335564375478;1.0834314954672315;0.29815700905529474;0.3625286992012147;0.08163585530552354;0.9527933422756845;-0.09642703221071883;0.4913476584995892;0.8588358647986718;0.46862815784493594
0.0805179310193511;0.5714635748356497;0.09293495993198117;0.7389705293659973;0.2054862534336887;0.08147424411198825;-0.6998996330908203;-0.04641537719717995;-0.3731588872496236;0.7839903927616194;-0.3697916054760112;0.526504650949188;0.0969204915379938;0.38919225161992915;-0.30283714495639463;1.040319934540557;0.026806550301199713;0.5863412845604523;0.2519548256247601;-0.40545011043032697;-0.5746979352190099;0.933400292027013
0.7300298534000381;0.5838938381694545;0.29953099680383827;0.3295068132931675;0.7267195114481034;-0.13554208606128954;0.2763095374801401;0.9546349931138673;-0.02870397600259999;0.6618975225091162;-0.9824283688091477;0.015941066453447922;0.014026816069971759;0.2072356051404343;0.05690620826302442;-0.2527929374907738;0.5178009570826596;-0.14799148713458538;0.30892753789583016;0.8608651895970925;-0.48343871855646364;-0.1858936320562223
0.1287073049986339;0.4276232433229704;-0.5670550769908581;0.3808717944826728;0.5980437250779997;0.9115861022879775;-0.9174384478784092;0.8193121777983281;-0.060074025005011064;0.6555950045911834;0.11832624790574635;-0.1463585303559734;0.032404205077337496;-0.1307122432887579;-0.7984131929328305;-0.2762549167979597;0.20060306813423423;-0.07332640002238336;1.163519660141228;0.5151657656481707;0.44852691475004475;0.10454378241072593
-0.306913419534237;0.07932896122442928;0.5682243020428069;-0.06456511367804356;0.7055191304086466;0.6188383471597712;-0.2972258516296112;0.7319633419452948;-0.06830223066421365;-0.014557865086900969;0.9568904123057616;-1.0254853808100004;1.0174046660344322;-0.663117129372617;-0.1665911457612379;-0.32110684184535987;1.0672399842055564;0.24045434455218137;-0.10912749971074841;0.4721522463440419;-0.831766079317189;1.0829889549446052
0.5016209207553073;0.9439846919990238;-0.4665170522584215;-0.4194056446019243;0.15576168624963307;0.46544929346752184;0.43106950181473536;0.6501885889495063;-0.061417392953503624;0.8888966354333715;0.2952389261660966;0.19605050413811342;0.3808489379329612;0.19233569129601388;1.137223612599788;-0.41853731427409097;0.6160485147972741;-0.7795550573691991;0.17476188948464227;-0.07539505641974407;-0.005500656823311944;-0.24706459974265055
-0.3478078167966993;-0.037357437127479465;-0.761747942428851;0.30098442570640915;-0.04841174123483864;0.5638024612960607;-0.0451331377712858;1.2251921931384504;0.5165454196587539;-0.40847374953111437;0.6212403330424541;0.32277393319512665;1.4034809260383996;-0.3360120649283326;-0.06697961985621607;0.21075661017522748;1.1097536237166716;0.21025697432068666;-0.08753959810084083;0.2423905324930614;-0.1893674004102192;-0.12824728425838636
0.7029113971634607;0.15954006092648035;0.03013305802200079;0.5118227429866937;-0.3716703878424578;0.08776897650891473;-0.06090425056745709;0.6316404841465332;0.735430243595251;0.7539951621969655;-0.12069080544578525;-0.23011277383627457;0.4830797807007471;-0.3003250865326971;-0.017064986127028267;-0.12152102481775028;0.15508976447896455;-0.21217699901887316;0.36724946652546286;0.4803972505052491;0.7329099253865542;0.5615251012666753
0.6473932146144223;-0.23720793858154549;0.5780132151444332;0.23234839799988763;0.0943894565853757;0.8017619756355152;-0.11091546674925977;0.43951594382369763;1.223982778135174;-0.2933025072066601;0.7837057701458457;0.8983974250959322;0.05067004346649772;-0.24280929772663848;0.540400679264916;-0.0155486687034287;0.534842984127865;0.3752390580775775;-1.2301022959196026;-0.3895816197113631;0.3263517884567287;0.26860512016963184
-0.5330975774935682;0.810647432633891;-0.22459100476172153;-0.27311679845304426;-0.6639508885640782;0.9641265648045627;-0.6742163541327278;0.3538152388094346;0.5813170177179663;0.8696365214324393;0.22222363408029425;-0.3397975548998378;0.0634851679998668;0.9191406437417688;0.4296509351073663;0.19183442999149605;-0.054699345943072346;0.2707442599543134;-0.1163126240111673;-0.22811058102922369;0.9058058155423192;0.49928354653768797
0.6541926032411449;-0.49218522938371106;-0.5357336436274273;1.4488191392052565;0.25130368877586645;0.24862237778829213;0.2786537466544803;0.2630288201696024;0.6729428895148075;0.3417602002939575;-0.235803017086803;0.3776133799478948;0.6147024658838096;-0.3424646297963269;0.09071188235041137;0.5304641708561759;-0.925284800329771;0.47179870785677136;-0.9966933932267088;-0.6741780778066487;0.23237184629859023;0.8956713185239836
-0.06505112092067776;0.34768354106086524;-0.377437179347694;0.04155948979250045;0.18627568666745709;-0.23466377287443402;-0.2286892582297542;0.15308025173326587;1.2269592381391201;0.22045155777215625;-1.078386996355456;0.2313299143366902;1.1583003942926977;0.2822023079372543;0.5643035696337159;-0.09700607001411157;0.022594384883409275;0.5553149555081375;-0.40816113390268977;0.4615133257039569;-0.6442607917032189;0.5212845667222975
-0.10512392683607662;-0.9233273448480882;-0.8150185279603958;-0.053122179894407734;1.2658323070034458;0.9419557090148984;0.5155369332340007;0.6247409930764213;0.5148830362180734;0.5108758413514165;0.08476059839476076;-0.15125106221072446;-0.16259402477158974;0.2595637537977368;-0.25353283681961114;1.3493530080260723;0.22182701531601975;0.36666201934273585;0.3742658158678146;0.3893009224360259;0.21882506758465156;0.08986168395629836
0.9529232720446337;1.1504030351679637;-0.05395779716813808;0.4439088763040569;0.7285577038969289;-0.34057760954666083;-0.4707996102756938;0.08268179574690708;0.5437605607492497;-0.06988790110873128;-0.1896622795868809;-1.3816717336470556;0.32045331138621264;-0.13114246065926916;0.8365329459503915;-0.046719609305545744;0.6389135916151384;0.6457206605143703;0.19388787738729438;-0.06967053387739669;-0.5206319864504949;0.6550663266273599
0.14031798356014896;-0.25205538104665237;0.23464256922145155;-0.08473315808543333;1.290767918946192;0.32202350788760375;0.35537146123640073;1.5573494468131657;0.7984234655338539;0.3572552792752244;0.38844184515501345;-0.08391372383189194;-0.5284806988033638;-0.335339234178198;-1.0191089262677129;0.7862055413198016;0.43349400281177913;-0.6414518902637462;0.6696322884845699;0.20150746929887295;0.271463358203642;-0.039863521393923435
-0.4324281658750658;0.3107786405457284;0.2542700645511039;0.5467408125403953;0.9983738949047533;0.11839940292399295;0.055260829477724864;0.5881907717082072;0.6577544697049515;-0.23102191284278223;0.5869447084075217;-0.5508382726952296;0.35158835558684576;1.150927284540221;0.6325228936768863;-0.8427060908629037;-0.20881873393814473;0.39026029661195893;0.19236975639799495;-1.008022066187008;-0.6634173838928688;1.302760669096129
0.9143487289582275;0.36943053073556786;0.2941223457876173;-0.1108109148902787;0.26147400648790287;0.3119308669206009;-0.1624140385457897;0.007388586221291643;-0.4821628003654089;1.4915469505731263;-0.09537968986071786;-0.08480222209745268;0.1490267919421649;0.015069710113183442;0.4382785669772262;-0.09140286047373121;0.6977746077819661;0.13909692058236234;-0.27329497143340004;0.1663764858554774;0.00790579197805002;0.07685337363111472
0.7214881257087261;-0.21815460855424346;0.4699407876135343;-0.3472865501414546;-0.316153235035554;0.18489904921092576;-0.16216916061046915;0.4971114248788764;0.983195858514559;0.09376197895087132;-0.7174613354761148;0.4285744205225153;-0.26439818933390213;5.3574953642593827e-05;-0.4621904015594648;-0.14468807846700155;0.5305090849390675;1.2919678455578958;-0.29392787946688315;0.2947281715371821;1.439453572964315;0.0664002316389377
0.5498063964817579;-0.050751975253581105;-0.3177423801117062;0.1001652375543382;0.7660924921987498;1.5736476064918987;1.0202621792632784;-0.10700073009452361;1.0417284057277345;0.6139331228415236;0.5428995507710417;0.030040317284056216;-0.27522679681144213;-0.008400516790255386;-0.32810720508859637;-0.785253718370408;0.5303278480943499;-0.14234846772329438;-0.446437803767216;-0.43133216842621447;0.46000850150236366;0.29642068913606356
0.8419656964874243;-0.02663074185362516;0.38704870174773054;0.1319691248359647;0.20135914400913005;-0.0897089608017493;-0.39056683216004845;0.9035638533812331;0.06264674659443155;0.2896568035933314;-0.36576562084054143;0.38989052304778365;0.35846819392011886;-0.45858926778717674;0.9461143625257906;0.08530210320653678;0.9333158413842063;-0.19689901752767416;0.34794434211844366;0.5044129732462472;0.596688580131838;0.13682082270450183
-0.14290442048267207;-0.5330950882076072;-0.34263655979483465;0.006250669247816165;0.5205160389893573;0.28762902291220677;0.22340899997314945;0.5185710338036597;0.13971030328990025;-0.504795974351195;0.3587232265252095;0.4653867496314639;-0.29924155199033803;0.29792607617329686;0.26917371911154864;0.08209267105803664;1.2044757528225596;-0.25640264191675066;-0.26510683569739735;0.7481810836346589;1.3693789351702945;1.4755986695890846
1.1001462770987813;0.7923333276652716;0.26666008109401196;0.5632778950818554;0.08103546645931282;-0.13667437444451735;-1.1413694573040558;0.5493108212129806;-0.08037112162178582;0.7721123081253559;0.9008235327028478;-0.39149544945987974;-0.21605997811649663;-0.6089726170094529;0.6580788675106601;-0.7002770684923748;0.005851026203927351;0.5502196130925288;-0.4128862201098732;-0.05000161040300886;0.9420954346716915;0.19573322494661718
-0.25919138209978254;-0.08916298197521418;-0.36592101229867025;0.8904339622724533;0.1801745588651222;-0.4800992178752785;-0.5479209679326182;-0.0006758598830563251;-0.17706805924767252;0.21752091513458952;-0.40708694993138045;-0.2924393684389933;0.5445415702882864;0.48292240253755214;1.1333658712493875;0.5277564453284248;0.5317623223847358;0.02343155401768295;-0.4997677632778673;-0.22679124082435623;0.3401170615446338;0.18836731809172305
0.36884737187655015;0.17590981411823295;0.026221338843011612;-0.1762011632628562;0.9223920158490723;-0.6573958233982192;-0.429636904896035;0.272013099359056;1.278070071629508;0.1347872902822529;-0.6154332897024462;0.22267853539141816;-0.5066030921551403;0.5163371747666964;0.9349562506296979;-0.11102944254072909;1.0048905796109222;1.1058459295785783;0.4202627636746701;0.13044920707615384;-0.20456217117093267;0.2808356571347615
-0.6053030773787994;-0.0007694568041387235;-0.0726180201085803;-0.06276603406212289;0.6724176628684018;0.7443526732059644;-0.07151053248014053;1.6594630886969464;-0.7350643616055776;0.15401725407786082;-0.6485872923093761;0.5720222643059053;0.04627315333349066;0.05398245531603138;0.2289599517501878;0.8530451271304301;-0.33170961971481266;0.18241553943667094;-0.5904398194690357;0.9045246300630626;0.46392188384919114;-0.002889426640415534
-0.412540125808771;0.13367763166182786;0.6650774232935444;0.19884079458935272;-0.1023407968155546;1.2126437212441616;-0.288839786302374;1.0790939218665216;0.788736471375503;-0.15941384311360543;0.26964292617104424;0.032658521222537096;0.36267435240511464;-0.7182959265387576;-0.012698729118969479;-0.16278867719528725;0.7119116254948703;0.7005537045483368;-0.14368646398584217;-0.3518208148121771;0.48306952960224986;0.210406221472744
-0.8346386137059673;0.4653750443293496;0.22906996818859165;0.08549576866937192;0.6102900082530488;0.1360105050014383;-0.7360542032134598;0.4127239294638892;1.2380369850651565;0.5576792207615893;-0.8637293054677029;-0.20674683741724578;-0.24929918900179654;0.7893664496323123;-0.2786605582870205;-0.4276104799075682;0.23233471339626477;1.4138591673499055;0.7922939842033068;0.13331239933754957;-0.03863668346064155;-0.06836194648760929
-0.41664882600685166;0.2478597602146036;-0.4200888966717949;0.5200487662793638;0.21066077791179055;-0.1560942617656306;0.33847872140892415;1.1123524787604804;0.12398052613352209;1.26061535370513;0.5803308803756749;-0.722459468695408;-0.9583162294304051;0.4129908451466961;-0.5072118686163296;0.04973015555133451;-0.6050600532315162;0.5605024714613029;-0.037780139627059076;0.9495045960594889;1.0416767562522036;0.3413474621489311
0.15612978770399275;1.378851192658895;0.3023571674038993;0.34179928403283866;0.09279040547462007;-0.8619999716188348;-0.3568936736565207;0.5061060630759363;0.03647290529198624;0.8005204110585408;-0.35000458873886203;0.7509483683230991;0.20609008854461622;0.4478404063540682;-0.16250229874099112;-0.5232125156584679;-0.15578759939488565;0.07987084887178778;-0.585922069880097;-0.46386310038857825;-0.059832657351501055;0.5211606504850463
0.5392481881695572;-0.004909735552711953;0.09715334976861936;0.0715972537598924;0.013820944608892197;-0.12425650553327021;0.5360575185961666;0.580377704896731;0.1531523438946405;0.5545936121500582;-0.5115087306568633;0.2777604803474828;-0.3237249355363606;-0.25758715510488145;0.5197170637182877;0.2316088251091431;0.7008315744515341;0.21984984333437843;-0.5264254124516894;0.6915508360013533;0.6787800355002049;0.6436941895486552
0.04747086009722783;-0.21672201643214145;0.2258682495603107;0.6403576112732122;-0.1686412651888125;-0.051999905961913;0.7042812199200673;0.2589755830293131;-0.1558825325199609;1.1304045704069567;0.19461569007832175;0.8337889227997708;0.39617617109201986;-0.1463998751393741;0.2911886987017444;0.2523487068066975;0.6919782347823723;0.7856930944196826;-0.22680594383048805;-0.9655146552104565;0.0783088697576241;0.7083230330670179
0.006818370317718186;-0.26610830113542694;0.950598244464732;1.0931715220547553;-0.09232974547993089;0.10768532837063881;0.1747112508932699;0.8704288006326876;0.779583128838866;-0.36283404235686334;-0.9999492094604241;0.23615932550797747;0.027682512708108842;-0.5967967547557482;1.1457513525620655;-0.3121081766939594;0.886315999538087;-0.015430737526733173;-0.1652987666038898;0.4724314381079954;-0.14212595191860813;0.42988094292185136
-0.3948018454936682;0.4785647240243015;0.6599350194002007;-0.28164232445562826;-0.2914432387754768;-0.0021090214076079617;-0.3855912807233635;0.3493423418864896;-0.10674230061599693;0.13001695163587806;1.2974863148266704;-0.3056811917748642;-0.6108921307171022;0.6715915209244631;-0.035731576740196384;-0.49368752158695817;0.06182145506427872;0.7932244804305152;-0.3850413323455846;-0.336090161891874;1.0583641234464287;1.516212388100223
-0.3280519413496348;1.055255911269964;0.09133306150302163;0.7199835792085718;-0.08203086913910372;-0.7980393167722252;0.4744577447260617;0.9111042428069593;-0.3202123834159504;0.14950654000275457;0.24923736351839307;0.24988221236968597;0.5485454788312137;-0.12476037217744537;0.1650184876954724;0.8265169709997167;0.2528124620245733;1.0619478818926977;-0.8328752372086481;-0.88527177142109;0.6037338497386076;-0.6881426157206906
-0.09038055946537786;0.08762004683616885;0.884061510715028;0.4191120169316085;0.30128708078206934;0.39461285041346844;0.7814021985408195;0.541339950998072;0.2804945899126347;0.5382966974740964;-0.19341285008489245;-0.8756690854821038;-0.45591174563994075;0.5689723048248566;0.13649729610770242;-1.1241673865054183;0.0435102776143124;-0.2975278830990287;0.7960156451756599;0.31887629606583257;1.1462791930610063;0.2683864466606726
-0.44658078654478195;0.9955971535461478;0.5930269081813921;0.04644190333542634;0.02610541692035797;1.2900155433295912;-1.0720342485633383;0.1632209947473457;-0.21168498982831985;-0.09961758978965146;-0.5596284964258262;-0.2622187783407369;0.3961277571625255;0.693108360678445;0.07359047803485254;0.6746167411953633;-0.05445078103722681;0.12515769963119808;-0.28751892317647504;-0.35712289188130714;0.8497268393923815;0.14893691270454135
0.053375064874173574;0.8497268546512368;-0.4521205709157121;0.43895622360028375;1.4931567329288709;0.1331365735476245;0.2738456337481458;-0.08833028024077832;0.2620698370377804;0.9327019897864555;0.22091668197438896;0.40407058049357514;-0.05412026489987343;-0.4060541181300848;-0.7017112763218232;0.9581636770174704;-0.5527530172089024;-0.12562418171954648;-0.8884355417977194;0.4507335383390191;-0.2950154538324585;0.2886597707600921
-0.3235416773731652;0.5406251118173044;0.23937081288356818;0.6501162362172902;0.6042411286747486;0.24088499200180144;0.054029315531771586;-0.23551057203834763;0.7642848599710392;0.505728848063222;-0.5512746423390638;0.1166209695225128;-0.004761476482504213;0.4401212047082739;1.295974997271162;-0.6523161422393494;-0.29538825884276415;-0.3661702355221601;0.15165190797144776;0.062095359872510775;-0.011015032197039637;0.6362084712675607
-0.22238636764811215;0.550976135332928;-0.3616065802226457;-0.38285205574404646;1.322822410141186;0.561222420697383;0.5515861461503447;0.6069928981692;-0.4371962808615482;0.3075535444775077;-0.3044939236045468;0.09451923504152153;-0.29059791931898393;-0.06643322701470207;0.5041002376724288;0.6499636154430083;-0.3123067830188241;0.3251658841627246;0.09291758585916048;0.08636894198637601;0.14537788081874373;0.833694763640306
0.07808771801081593;0.22766876530194205;0.757364493126582;-0.1763233098933566;0.18101965085801325;-0.7973990451346231;-0.7685014976129323;0.8772588119963264;0.2304862394724855;0.34115239900477695;-0.039163522480122455;0.04471542644743239;-0.2821270693679076;-0.2062098343021116;0.8971091117386539;-0.5192657881192624;0.29255826996751993;-0.1930433414442571;0.33464542813475606;0.5556294763080109;0.18650390735185973;1.171266994611655
-0.11443726222476154;0.9307659407507163;0.4286345131061421;-0.6819843624935795;0.39436604228434224;-0.32631849540207014;-0.2864124887572124;0.5365441832855913;-0.5785631248917189;-0.3786094617410905;-0.32381853441743164;-0.07076675097218599;0.16999206490595997;0.4109547032069785;-0.8764701778999354;0.013628843369241913;0.5829572973439247;0.6399399780783759;0.7037733605371163;-0.6226326727065544;0.8711691138469351;0.9186712538281386
-0.6725202438713357;-0.05168361380774973;0.7474263644180206;-0.08696442274448954;-0.23119901606105067;0.6662975516393315;-0.20925679973913125;0.6396300760117298;-0.6840362693271784;0.45967954246853177;0.5201939719991638;0.7276120717603427;0.23866766251188523;-0.5927119659263705;1.1927455117013614;0.24327594643587594;0.16053991917902144;-0.4306746453825013;0.5862803735318773;-0.14624539897972888;0.5586970650659692;0.6657168583873952
-0.5367437024446374;0.3195118710825808;-0.5783425001312922;0.5340785663732929;0.4877898182303795;-1.056182851355848;0.22448960386888872;0.558283488312034;0.4960204511385438;-0.24745878707818905;1.559612461707369;0.927843552196027;0.3512568119693689;0.9240494617416732;0.8969398918941993;-0.2359847550149706;-0.09514460542690352;-0.237233962244999;-0.056338044238547894;-0.816319483064171;1.1479607740050333;0.1839247822777636
0.5201404725408831;-0.40332603167295067;0.82734611959986;0.9800686339571406;0.12143124395865931;0.6955405169978744;-0.28895132875969903;0.2752137868913817;-0.8784576997139785;0.6054717362520553;-0.3871100048299034;0.7938154152421081;-0.08788782466463588;0.4493194744869761;0.4044277009913264;-0.3586936600121405;-0.3693358071360059;-0.4518303337628862;0.4756856023161192;-0.09818179457367338;0.5995345919251411;0.348707914103162
0.28412895333676524;0.19702290986011345;0.22704674607519193;-0.877243394119421;-0.7335630086439313;0.33102159908931367;0.7613324125772408;-0.17333277078002896;0.25755387931232476;1.0093373196211504;-0.053438705016701726;0.4114394924847355;0.5026598250820454;0.5967911821882778;0.4477764832231565;0.09619500808831999;1.6665422249616428;-0.3873542830331442;-0.8287017962092172;-0.35084722496707327;0.8018259814706707;-0.17962212704301142
-0.058201176182365776;0.47108138940050814;0.3551939245736805;0.08052513289726763;0.6851969567449447;0.49541772934121314;0.2082368867084765;-0.15459002227664706;0.3466397037991908;-0.3528400340393555;-0.19128109067002327;0.9438687626543518;-0.0324428217896484;-0.4621072616173097;0.7112245441629619;-0.5041567356535063;0.9597041028585356;-0.7226993036694096;0.45931861070878377;0.18345569736542525;0.583604180583618;0.35462605709126815
-0.4028545763842546;1.2102749761599982;0.5765869720611734;0.227972288744002;-0.08533541295842362;0.4634018697035911;-0.22412260204705664;-0.7132653396320452;0.2956646072089503;1.345248507142235;-0.09551521609072336;-0.0032781890432594025;-0.32759110007835324;0.2931052449708555;0.439555543717216;-0.2028166769226475;0.07934701694398799;-0.6676265211298116;-0.12304394504602244;-0.74412881844964;0.7378056321756541;0.10677567620250462
0.06434861014175104;-0.35583152116906436;-0.33329077863387335;-0.08528492759757653;0.8514746124016139;0.02258095642341698;-0.9205668908891729;0.37769896286865234;-0.44481805473075203;0.639618907219948;0.07527977889663744;0.3175765582140019;0.11946874733050872;0.08869895058956044;0.004217266399241497;0.1314137202945292;0.3548041073520277;-0.14868544423334087;1.3096842906807111;-0.6155993445950949;0.7236216938587329;-0.14550276043908597
0.2296392719420754;0.27604546974310584;-0.3067675459053066;0.379450663310498;1.7667703627365765;0.11931347120576766;0.34829196014561337;0.7661388402486774;-0.7633015366912839;0.7555795053824511;-0.3259810714865676;0.056892121972026984;-0.12205638971244985;0.1737001132844847;0.5383929437993694;0.600285914020228;-0.2038664030043091;-0.26641548550188565;0.286260923725681;0.04630291746208566;0.5198573463624604;-0.2809166778781993
0.20813089253339864;-0.25103793271708413;-0.0101076502307554;-0.3552572836647108;-0.7784447894442078;0.1344339156782057;0.37462076388586163;0.22101732365991916;0.7021386218565104;0.9914531285005214;-0.283376715248815;0.08664970370650547;0.1669972299253486;0.3622597793469898;0.10172961920957276;0.014772114240203369;1.06002481906774;-0.42108799331402713;0.6216260016398852;-1.2767306438113146;0.904657839888506;0.7389642387665442
0.5901519984142447;0.4530645931319064;1.2455454886806736;0.32936877038936835;1.3799561177419484;0.2968787294155386;-0.08068090775620877;-0.199419695027946;-0.6756520662026921;0.21817167571961096;-0.5773372468000577;-0.04179523223571856;-0.706662440737444;-0.44561189278783836;0.3510777852062229;0.13692120423347595;0.3901641120535309;0.17219334167119635;-0.44282585547636916;0.6158905861770174;-0.029977424764989175;-0.02837199874227453
0.7495218960853307;0.1728433400905812;-0.6633055367544834;0.3280242813177139;0.6455394597329853;0.7740355967974282;1.0199288393618067;0.5801751033084271;0.5929735222702057;0.7796062837518217;-0.4443007712652792;-0.03913895942125533;-0.1034910751755848;0.38248745865786526;0.6224415777296795;-0.12277544049289774;-0.5412274167808313;-0.766049695389421;-0.6870834249921025;0.518454906437129;0.687559600985693;0.1253997905174433
0.12027600088989132;-0.12953688570138586;1.0393613357123441;0.2694225304497698;0.22021751618286042;-0.8439762094757571;0.5444618067504501;0.09066939458630383;-0.17990830161261115;1.2808263464997454;-0.7319984312411016;0.6476175203889741;0.1746292636336305;-0.014007412191749335;-0.1733284143825308;0.07008734638517981;0.2571646226355482;-0.046878742243554365;-0.2952872208818179;-0.4626779420188761;0.308777278538795;0.4037262038257192
-0.024277810908706662;0.40300438021730617;0.054145576900195905;-0.38331129829911176;0.9559296214513088;-0.030080487535720048;0.7813074370178466;0.8186407239061362;-0.4555100449637659;0.11273044470473753;0.05224832874516214;0.3297736993894023;-0.2681341206878476;-0.11062243546777092;1.1007333512797985;0.14237403702516338;0.5027068776516488;-0.3453268946816934;-0.045203257553085005;-0.3515890715835026;0.4806718207792355;0.43017815998909786
0.25215399640000785;0.44987054502494056;0.05271673640463107;-0.4292827577210439;0.5601383445158811;0.33105596898286915;-0.5809508827789404;0.8884113329363668;-0.27233173957905044;1.0162652454780094;0.47425115012085545;-0.0025917174774580695;-0.3267054111952308;-0.990103348708294;0.6980187336653962;0.5001326117456624;0.4095151431221614;0.45815752401829596;0.4999352746948702;-1.2590334399164587;0.24527200126929763;-0.259185095722468
0.10880410140418702;0.4678337489684536;0.28067410745366783;1.2924935750336126;0.3119378573917313;-0.01602029126891242;0.7787392920189461;0.08398525309432617;-0.18688454651912204;0.6991080932774743;-0.011683767612609284;-0.40643907966642373;-0.37051180854492805;0.04579510562104272;-0.022991645290757205;-0.38047979224112227;0.2543152303469853;0.18260344904874587;-0.17814805974001086;0.006231788020516087;1.0584355038409126;0.5047308236361563
-0.09334646628431231;0.12738962069406773;-0.6733802398065498;-0.1321807906319568;0.6631889572326322;0.30325523177002506;0.8317042218607061;0.582103914126752;0.24480750792166361;0.5829643856251211;0.5255224942596939;1.3284066178357783;-0.023658433347514173;-0.5475764946443058;0.21423784396868664;-0.5562026786474206;0.3684561569461233;-0.7937609175614027;0.4469336259166305;-0.24739512307647582;0.8123983225547965;0.47890312744961117
0.5378823188518158;0.1727820327190475;-0.2754366040902107;-0.505229482895911;0.9749041190481846;1.2369555062394408;0.003394797390355133;0.5464312103184716;-0.20900701710270198;0.13472916680858443;0.43721995962862614;0.0038758304131113882;-0.4789057878591405;0.5944309849853603;1.150699313368123;-0.32734208888363914;-0.07711887217841924;0.06321661471195529;-0.8510781807016056;0.3802923141134334;0.48223845342689114;0.16102151878948287
